Category,Mod Name
QoL Mods,Pick Up and Haul
QoL Mods,I Clearly Have Enough
QoL Mods,Achtung!
QoL Mods,Common Sense
QoL Mods,Brrr Phew
QoL Mods,While You're Up
QoL Mods,Auto-Link
QoL Mods,Show Mod Designators
QoL Mods,Walk Manager
QoL Mods,FLUFFY (Mod Suite)
QoL Mods,Research Pal Forked
QoL Mods,Begone Message
QoL Mods,Colony Groups
QoL Mods,Config Maps
QoL Mods,Custom Death Randomness
QoL Mods,Death Rattle
QoL Mods,Deep Stack
QoL Mods,Haul to Stack
QoL Mods,Tainted Only When Rots
QoL Mods,Auto Strip on Haul
QoL Mods,Kikame Vivaciti
QoL Mods,UUUGGG
QoL Mods,Fuel Filter
QoL Mods,No Limit Ideology
QoL Mods,Animals Logic
QoL Mods,Bricks Don’t Vanish
QoL Mods,Minify
QoL Mods,Use Minify
QoL Mods,What’s Missing
QoL Mods,Inventory
QoL Mods,Settlement Inventory
QoL Mods,Almost There
QoL Mods,Allow Stack
QoL Mods,Camera+
QoL Mods,Color Coded Mood Bar
QoL Mods,Don’t Steal My Walls
Room & Food Mods,Share The Load
Room & Food Mods,Meals on Wheels
Room & Food Mods,Build From Inventory
Combat Mods,Yayo’s Combat
Combat Mods,Suppression
Combat Mods,Run and Gun
Combat Mods,Bullet Casings
Combat Mods,Avoid Friendly Fire
Combat Mods,Friendly Fire Tweaks
Combat Mods,Simple Sidearms
Combat Mods,Dual Wield
Combat Mods,Search and Destroy
Combat Mods,Melee Accuracy
Combat Mods,Keep Mortar Ready
Combat Mods,Always Re-arm Turret
Combat Mods,Where is My Weapon?
Combat Mods,Damage Indicators
Combat Mods,Faster Appeals
Combat Mods,Visible Raid Points
Combat Mods,Gunplay
Combat Mods,Pawn Target Fix
Combat Mods,Rangefinder
Combat Mods,Show Drafted Weapon
Combat Mods,Rebound
Miscellaneous & Utility Mods,Less Stupid Romance
Miscellaneous & Utility Mods,Optimize Meat
Miscellaneous & Utility Mods,RimTraits Color
Miscellaneous & Utility Mods,Dorms
Miscellaneous & Utility Mods,Room Size
RT Mods,RT Fuse
RT Mods,RT Power Switch
RT Mods,RT Solar Flare
RT Mods,Don Uno Piñata
Craftsmanship & Construction,Don’t Block Door
Craftsmanship & Construction,Door Mat
Craftsmanship & Construction,Doors Close Fast
Craftsmanship & Construction,Extension Cords
Craftsmanship & Construction,Craftable Animals
Craftsmanship & Construction,Dubs Appeal
Craftsmanship & Construction,Vein Miner
Craftsmanship & Construction,Give Up Your Build
Craftsmanship & Construction,Heat Map
Craftsmanship & Construction,In-Game Wiki
Craftsmanship & Construction,Just Ignore Me Passing
Craftsmanship & Construction,Keep Bed
Craftsmanship & Construction,Tables on Floor
Craftsmanship & Construction,Lag-Free Lamp
Craftsmanship & Construction,Meal Radius
Craftsmanship & Construction,No Job Authors
Craftsmanship & Construction,No Random Relation
Craftsmanship & Construction,Profitable Weapons
Craftsmanship & Construction,Quality Ceilings
Craftsmanship & Construction,Set Up Camp
Craftsmanship & Construction,Set Prisoner Bed Owner
Craftsmanship & Construction,Smart Construction
Craftsmanship & Construction,Smart Deconstruct
Craftsmanship & Construction,Trade Helper
Craftsmanship & Construction,Snap Out
Craftsmanship & Construction,Carry Cap Fix
Craftsmanship & Construction,Removable Psychics
Craftsmanship & Construction,Infestation
Craftsmanship & Construction,Locks 2
Medical System & Expansion Mods,Medical System Expansion 2
Medical System & Expansion Mods,Vanilla Bionics Expansion (Alternative Option)
Medical System & Expansion Mods,DE Surgeries
Medical System & Expansion Mods,Less Arbitrary Surgery
Medical System & Expansion Mods,Priority Treatment
Medical System & Expansion Mods,Quality Surgeon
Medical System & Expansion Mods,Animal Medical Bed
Medical System & Expansion Mods,Luci (Luciferium Tweaks)
Medical System & Expansion Mods,Brain Jar
Medical System & Expansion Mods,Medical System Expanded - Abraxas
Medical System & Expansion Mods,EPOE Forked + Dispatch
Medical System & Expansion Mods,Elite Bionics Framework
Medical System & Expansion Mods,Elite Archotech
Medical System & Expansion Mods,Elite Archotech Unofficial Patch
Medical System & Expansion Mods,Pawn Morpher
Medical System & Expansion Mods,CyberNet
Medical System & Expansion Mods,Harvest Everything
Medical System & Expansion Mods,Harvest Post-Mortem
Medical System & Expansion Mods,Keep Hands and Feet?
Medical System & Expansion Mods,Prosthetica - Missing Body Parts
Medical System & Expansion Mods,A Dog Said
Medical System & Expansion Mods,Archotech
Medical System & Expansion Mods,Stabilize
Medical System & Expansion Mods,Birds and the Bees
Medical System & Expansion Mods,GlitterTech
Medical System & Expansion Mods,GlitterTech Submod
Medical System & Expansion Mods,Evolved Organs Redux
Medical System & Expansion Mods,Cybernetic Organism
Medical System & Expansion Mods,Internal Armor Plates - SA
Medical System & Expansion Mods,Auto-Links + Show Mod Designators
Medical System & Expansion Mods,Simple Search Bar
Medical System & Expansion Mods,Xeno Humans
Medical System & Expansion Mods,Genetic Rim
Advanced Medical System & Bionics,Medical System Expanded - Abraxas
Advanced Medical System & Bionics,EPOE Forked + Dispatch
Advanced Medical System & Bionics,Elite Bionics Framework
Advanced Medical System & Bionics,Elite Archotech
Advanced Medical System & Bionics,Elite Archotech Unofficial Patch
Harvesting & Body Modification,Pawn Morpher
Harvesting & Body Modification,CyberNet
Harvesting & Body Modification,Harvest Everything
Harvesting & Body Modification,Harvest Post-Mortem
Harvesting & Body Modification,Keep Hands and Feet?
Harvesting & Body Modification,Prosthetica - Missing Body Parts
General Medical Mods,A Dog Said
General Medical Mods,Archotech
General Medical Mods,Stabilize
General Medical Mods,Birds and the Bees
General Medical Mods,GlitterTech
General Medical Mods,GlitterTech Submod
Cybernetics & Internal Modifications,Evolved Organs Redux
Cybernetics & Internal Modifications,Cybernetic Organism
Cybernetics & Internal Modifications,Internal Armor Plates - SA
Cybernetics & Internal Modifications,Auto-Links + Show Mod Designators
Cybernetics & Internal Modifications,Simple Search Bar
Xeno Mods & Genetic Enhancements,Xeno Humans
Xeno Mods & Genetic Enhancements,Genetic Rim
Horror & Faction Mods,Gloomy
Horror & Faction Mods,Cosmic Horrors
Horror & Faction Mods,Erians
Horror & Faction Mods,Orion’s Hospitality
Horror & Faction Mods,Orion’s Faction Mod Series
Mechanoid & Functional Mods,Mechanoid Mods
Mechanoid & Functional Mods,Giddy Up
Mechanoid & Functional Mods,What the Hack
Mechanoid & Functional Mods,SRTS
Mechanoid & Functional Mods,SOS
Mechanoid & Functional Mods,Fluffy (Mod Suite)
Mechanoid & Functional Mods,Dubs (Mod Suite)
Mechanoid & Functional Mods,Animals (Category for various animal mods)
Vanilla Expanded Mod Series,Vanilla Factions Expanded - Core
Vanilla Expanded Mod Series,Vanilla Factions Expanded - Settlers
Vanilla Expanded Mod Series,Vanilla Factions Expanded - Medieval
Vanilla Expanded Mod Series,Vanilla Factions Expanded - Vikings
Vanilla Expanded Mod Series,Vanilla Factions Expanded - Insectoids
Vanilla Expanded Mod Series,Vanilla Factions Expanded - Empire
Vanilla Expanded Mod Series,Vanilla Factions Expanded - Mechanoids
Vanilla Expanded Mod Series,Vanilla Factions Expanded - Pirates
Vanilla Expanded Mod Series,Vanilla Factions Expanded - Ancients
Vanilla Expanded Mod Series,Vanilla Factions Expanded - Classical
Vanilla Expanded Mod Series,Vanilla Factions Expanded - Deserters
Vanilla Expanded Mod Series,Vanilla Expanded - Royalty Patches
Vanilla Expanded Mod Series,Vanilla Expanded - Ideology Patches
Vanilla Expanded Mod Series,Vanilla Expanded - Biotech Patches
Vanilla Expanded Mod Series,Vanilla Expanded - Genetics
Vanilla Expanded Mod Series,Vanilla Expanded - Sanguophage
Vanilla Expanded Mod Series,Vanilla Expanded - Space Travel
Vanilla Expanded Mod Series,Vanilla Expanded - Psycasts Expanded
Vanilla Expanded Mod Series,Vanilla Expanded - Book Expanded
Vanilla Expanded Mod Series,Vanilla Expanded - Cooking
Vanilla Expanded Mod Series,Vanilla Expanded - Brewing
Vanilla Expanded Mod Series,Vanilla Expanded - Farming
Vanilla Expanded Mod Series,Vanilla Expanded - Fishing
Vanilla Expanded Mod Series,Vanilla Expanded - Plants and Crops
Vanilla Expanded Mod Series,Vanilla Expanded - Animals Core
Vanilla Expanded Mod Series,Vanilla Expanded - Animals Arctic
Vanilla Expanded Mod Series,Vanilla Expanded - Animals Boreal
Vanilla Expanded Mod Series,Vanilla Expanded - Animals Desert
Vanilla Expanded Mod Series,Vanilla Expanded - Animals Temperate
Vanilla Expanded Mod Series,Vanilla Expanded - Animals Tropical
Vanilla Expanded Mod Series,Vanilla Expanded - Animals Extreme Desert
Vanilla Expanded Mod Series,Vanilla Expanded - Animals Tundra
Vanilla Expanded Mod Series,Vanilla Expanded - Animals Waste
Vanilla Expanded Mod Series,Vanilla Expanded - Armors
Vanilla Expanded Mod Series,Vanilla Expanded - Weapons
Vanilla Expanded Mod Series,Vanilla Expanded - Security
Vanilla Expanded Mod Series,Vanilla Expanded - Vehicles
Vanilla Expanded Mod Series,Vanilla Expanded - Furniture Core
Vanilla Expanded Mod Series,Vanilla Expanded - Furniture Medical
Vanilla Expanded Mod Series,Vanilla Expanded - Furniture Industrial
Vanilla Expanded Mod Series,Vanilla Expanded - Furniture Spacer
Vanilla Expanded Mod Series,Vanilla Expanded - Lighting
Vanilla Expanded Mod Series,Vanilla Expanded - Power
Vanilla Expanded Mod Series,Vanilla Expanded - Events
Vanilla Expanded Mod Series,Vanilla Expanded - Art
Vanilla Expanded Mod Series,Vanilla Expanded - Textures
Vanilla Expanded Mod Series,Vanilla Expanded - Expanded Helixien
Vanilla Expanded Mod Series,Vanilla Expanded - Expanded Archotech
Vanilla Expanded Mod Series,Vanilla Expanded - Expanded Anima
Vanilla Expanded Mod Series,Vanilla Expanded - Expanded Drugs
Vanilla Expanded Mod Series,Vanilla Expanded - Expanded Traits
Vanilla Expanded Mod Series,Vanilla Expanded - Expanded Incidents
Vanilla Expanded Mod Series,Vanilla Expanded - Expanded Weapons
Vanilla Expanded Mod Series,Vanilla Expanded - Expanded Resources
